sampleid	Barcode	i5	i7	Qubit	Conc.	Amount	SampleNo	Date	SampleCode	TubeNo	Type	Host	Site	Storage	BodyLength	GutLength	Time	Maddie'sID	TrophicLevel	Site1	ReefZone	LiveCoral	DeadCoralRock	Rubble	Sand	AttachedMacroalgae	CCA	UnattachedMacroalgae	CoralRubbleRock	AlgaeRubbleRock	CORALROCK
X21	TAAGGCGA+GCGTAAGA	517	701	12839	9.9857	1.783667	21	6.7.2017	2LPGM	2	lower	PG	MRB	-80	21	15	am			MRB	Back 	3.95	15.55	53.2	15.85	10.6	0	0.35	0.083016	0.151948	0.310159
X22	TAAGGCGA+CTCTCTAT	502	701	14859	12.2077	1.45901	22	6.7.2017	3LPGM	3	lower	PG	MRB	-80	15	11	am			MRB	Back 	3.95	15.55	53.2	15.85	10.6	0	0.35	0.083016	0.151948	0.310159
X23	TAAGGCGA+TATCCTCT	503	701	13857	11.1055	1.603814	23	6.14.2017	4LPGM	4	lower	PG	MRB	-80	29.5	19	pm			MRB	Back 	3.95	15.55	53.2	15.85	10.6	0	0.35	0.083016	0.151948	0.310159
X24	TAAGGCGA+AGAGTAGA	504	701	12761	9.8999	1.799125	24	6.6.2017	4LHCGR	4	lower	HC	GR	-80	25	24	pm	13		GR	Fringing	0.9	10.9	30.35	56.75	1.1	0	0	0.028083	0.017862	0.193254
X25	TAAGGCGA+GTAAGGAG	505	701	9242	6.029	2.954248	25	6.9.2017	5LHCH	5	lower	HC	Hilt	-80	17.5	16.5	am			Hilt	Back 	6.9	36.4	14.85	15.3	25.15	0	1.1	0.16016	0.324755	0.222883
X26	TAAGGCGA+ACTGCATA	506	701	8782	5.523	3.224907	26	6.13.2017	6LHCGR	6	lower	HC	GR'	-80	20	19	am	15		GR'	Fringing	1.5	15.85	34.4	43.2	4.05	0	0.05	0.051606	0.092924	0.175841
X27	TAAGGCGA+AAGGAGTA	507	701	15878	13.3286	1.336311	27	6.14.2017	7LHCM	7	lower	HC	MRB	-80	15.5		pm			MRB	Back 	3.95	15.55	53.2	15.85	10.6	0	0.35	0.083016	0.151948	0.310159
a	TAAGGCGA+CTAAGCCT	508	701	6178	2.6586	6.699451	(-)																								
X37	CGTACTAG+GCGTAAGA	517	702	10659	7.5877	2.347373	37	6.9.2017	17FBSH	17	fecal	BS	Hilt	-80	19		am			Hilt	Back	6.9	36.4	14.85	15.3	25.15	0	1.1	0.16016	0.324755	0.222883
X38	CGTACTAG+CTCTCTAT	502	702	8654	5.3822	3.309271	38	6.9.2017	18FBSH	18	fecal	BS	Hilt	-80	17		am			Hilt	Back	6.9	36.4	14.85	15.3	25.15	0	1.1	0.16016	0.324755	0.222883
X39	CGTACTAG+TATCCTCT	503	702	12517	9.6315	1.849261	39	6.8.2017	10FBSGR	10	fecal	BS	GR	-80	17		pm			GR	Fringing	0.9	10.9	30.35	56.75	1.1	0	0	0.028083	0.017862	0.193254
X40	CGTACTAG+AGAGTAGA	504	702	9642	6.469	2.75331	40	6.8.2017	11FBSGR	11	fecal	BS	GR	-80	14		pm			GR	Fringing	0.9	10.9	30.35	56.75	1.1	0	0	0.028083	0.017862	0.193254
X41	CGTACTAG+GTAAGGAG	505	702	10414	7.3182	2.433817	41	6.8.2017	9FBSGR	9	fecal	BS	GR	-80	14	35	pm			GR	Fringing	0.9	10.9	30.35	56.75	1.1	0	0	0.028083	0.017862	0.193254
X42	CGTACTAG+ACTGCATA	506	702	10231	7.1169	2.502657	42	6.5.2017	3FBSM	3	fecal	BS	MRB	-80	21		am			MRB	Back	3.95	15.55	53.2	15.85	10.6	0	0.35	0.083016	0.151948	0.310159
X43	CGTACTAG+AAGGAGTA	507	702	10935	7.8913	2.257063	43	6.4.2017	2FBSM	2	fecal	BS	MRB	-80			am			MRB	Back	3.95	15.55	53.2	15.85	10.6	0	0.35	0.083016	0.151948	0.310159
X44	CGTACTAG+CTAAGCCT	508	702	9693	6.5251	2.729638	44	6.5.2017	3LHCCB	3	lower	HC	CB	-80	17		am	10		CB	Fringing	0.5	31.4	26.25	26.2	15.65	0	0	0.006111	0.182811	0.036189
X53	AGGCAGAA+GCGTAAGA	517	703	9616	6.4404	2.765536	53	6.6.2017	7FBSM	7	fecal	BS	MRB	-80			am			MRB	Back	3.95	15.55	53.2	15.85	10.6	0	0.35	0.083016	0.151948	0.310159
X54	AGGCAGAA+CTCTCTAT	502	703	9747	6.5845	2.705013	54	6.8.2017	13FBSGR	13	fecal	BS	GR	-80	12		pm			GR	Fringing	0.9	10.9	30.35	56.75	1.1	0	0	0.028083	0.017862	0.193254
X55	AGGCAGAA+TATCCTCT	503	703	9934	6.7902	2.623068	55	6.6.2017	5FBSM	5	fecal	BS	MRB	-80			am			MRB	Back	3.95	15.55	53.2	15.85	10.6	0	0.35	0.083016	0.151948	0.310159
X56	AGGCAGAA+AGAGTAGA	504	703	10087	6.9585	2.559626	56	6.11.2017	22FBSH	22	fecal	BS	Hilt	-80	18		pm			Hilt	Back	6.9	36.4	14.85	15.3	25.15	0	1.1	0.16016	0.324755	0.222883
X57	AGGCAGAA+GTAAGGAG	505	703	9408	6.2116	2.867403	57	6.11.2017	23FBSH	23	fecal	BS	Hilt	-80	20		pm			Hilt	Back	6.9	36.4	14.85	15.3	25.15	0	1.1	0.16016	0.324755	0.222883
X58	AGGCAGAA+ACTGCATA	506	703	10471	7.3809	2.413142	58	6.12.2017	24FBSGR	24	fecal	BS	GR'	-80	20		am			GR'	Fringing	1.5	15.85	34.4	43.2	4.05	0	0.05	0.051606	0.092924	0.175841
X59	AGGCAGAA+AAGGAGTA	507	703	8549	5.2667	3.381844	59	6.8.2017	12FBSGR	12	fecal	BS	GR	-80	14	39	pm			GR	Fringing	0.9	10.9	30.35	56.75	1.1	0	0	0.028083	0.017862	0.193254
X60	AGGCAGAA+CTAAGCCT	508	703	8784	5.5252	3.223623	60	6.10.2017	20FBSH	20	fecal	BS	Hilt	-80	19		pm			Hilt	Back	6.9	36.4	14.85	15.3	25.15	0	1.1	0.16016	0.324755	0.222883
X67	TCCTGAGC+GCGTAAGA	517	704	7469	4.0787	4.366872	67	6.16.2017	9LHCCB	9	lower	HC	CB	-80	25.5	22	am	17	3.91	CB	Fringing	0.5	31.4	26.25	26.2	15.65	0	0	0.006111	0.182811	0.036189
X68	TCCTGAGC+CTCTCTAT	502	704	8897	5.6495	3.152697	68	6.16.2017	10LHCCB	10	lower	HC	CB	-80	20.5	20	am	18		CB	Fringing	0.5	31.4	26.25	26.2	15.65	0	0	0.006111	0.182811	0.036189
X69	TCCTGAGC+TATCCTCT	503	704	10531	7.4469	2.391755	69	6.16.2017	11LHCCB	11	lower	HC	CB	-80	18	17	am	19		CB	Fringing	0.5	31.4	26.25	26.2	15.65	0	0	0.006111	0.182811	0.036189
X70	TCCTGAGC+AGAGTAGA	504	704	6764	3.3032	5.392092	70	6.17.2017	12LHCH	12	lower	HC	Hilt	-80	21.5	16	pm	21		Hilt	Back	6.9	36.4	14.85	15.3	25.15	0	1.1	0.16016	0.324755	0.222883
X71	TCCTGAGC+GTAAGGAG	505	704	10942	7.899	2.254863	71	6.17.2017	13LHCH	13	lower	HC	Hilt	-80	24	21	pm	20		Hilt	Back	6.9	36.4	14.85	15.3	25.15	0	1.1	0.16016	0.324755	0.222883
X72	TCCTGAGC+ACTGCATA	506	704	11377	8.3775	2.126071	72	6.19.2017	14LHCO	14	lower	HC	Opu	-80	17		am	24		Opu	Back	2.9	2.7	12.95	66.85	14.5	0	0	0.102951	0.40571	0.564484
X73	TCCTGAGC+AAGGAGTA	507	704	8948	5.7056	3.121698	73	6.19.2017	15LHCO	15	lower	HC	Opu	-80	13.5	10	am	23	3.1	Opu	Back	2.9	2.7	12.95	66.85	14.5	0	0	0.102951	0.40571	0.564484
X74	TCCTGAGC+CTAAGCCT	508	704	8141	4.8179	3.696872	74	6.20.2017	16LHCGR	16	lower	HC	GR'	-80	17	15	am	25		GR'	Fringing	1.5	15.85	34.4	43.2	4.05	0	0.05	0.051606	0.092924	0.175841
X75	GGACTCCT+GCGTAAGA	517	705	11004	7.9672	2.235561	75	6.20.2017	16LHCGR	16	lower	HC	GR'	-80	17	15	am	25		GR'	Fringing	1.5	15.85	34.4	43.2	4.05	0	0.05	0.051606	0.092924	0.175841
X76	GGACTCCT+CTCTCTAT	502	705	8831	5.5769	3.193738	76	6.20.2017	18LHCGR	18	lower	HC	GR'	-80	17	17	am	26		GR'	Fringing	1.5	15.85	34.4	43.2	4.05	0	0.05	0.051606	0.092924	0.175841
X77	GGACTCCT+TATCCTCT	503	705	9280	6.0708	2.933907	77	6.20.2017	19LHCGR	19	lower	HC	GR'	-80	14.5	11	am	28		GR'	Fringing	1.5	15.85	34.4	43.2	4.05	0	0.05	0.051606	0.092924	0.175841
X78	GGACTCCT+AGAGTAGA	504	705	8840	5.5868	3.188079	78	6.20.2017	20LHCGR	20	lower	HC	GR'	-80	14	10	am	29		GR'	Fringing	1.5	15.85	34.4	43.2	4.05	0	0.05	0.051606	0.092924	0.175841
X79	GGACTCCT+GTAAGGAG	505	705	4549	0.8667	20.55055	79	6.30.17	37LHCSS	37	lower	HC	SS	-80	20	19	pm	45		SS	Fringing	4.45	36	32.4	21	6	0	0	0.063253	0.069546	0.112132
X80	GGACTCCT+ACTGCATA	506	705	6781	3.3219	5.361739	80	6.30.17	38LHCSS	38	lower	HC	SS	-80	22	15	pm	46	3.58	SS	Fringing	4.45	36	32.4	21	6	0	0	0.063253	0.069546	0.112132
X81	GGACTCCT+AAGGAGTA	507	705	5416	1.8204	9.784201	81	6.30.17	39LHCSS	39	lower	HC	SS	-80	24	19	pm	47		SS	Fringing	4.45	36	32.4	21	6	0	0	0.063253	0.069546	0.112132
X82	GGACTCCT+CTAAGCCT	508	705	6535	3.0513	5.837236	82	6.30.17	40LHCSS	40	lower	HC	SS	-80	19	17	pm	48		SS	Fringing	4.45	36	32.4	21	6	0	0	0.063253	0.069546	0.112132
X83	TAGGCATG+GCGTAAGA	517	706	6501	3.0139	5.909672	83	7.1.17	41LHCHP	41	lower	HC	HP	-80	18	16	am	49	2.64	HP	Back	7.56	5.39	2.63	4.05	0.12	0.24	0	0.459607	0.01287	0.530456
X84	TAGGCATG+CTCTCTAT	502	706	7021	3.5859	4.966998	84	7.1.17	42LHCHP	42	lower	HC	HP	-80	20	23	am	50		HP	Back	7.56	5.39	2.63	4.05	0.12	0.24	0	0.459607	0.01287	0.530456
X85	TAGGCATG+TATCCTCT	503	706	8460	5.1688	3.445898	85	7.1.17	43LHCHP	43	lower	HC	HP	-80	23.5	21	am	51		HP	Back	7.56	5.39	2.63	4.05	0.12	0.24	0	0.459607	0.01287	0.530456
X86	TAGGCATG+AGAGTAGA	504	706	9502	6.315	2.820453	86	7.1.27	44LHCHP	44	lower	HC	HP	-80	18	13	am	52	2.52	HP	Back	7.56	5.39	2.63	4.05	0.12	0.24	0	0.459607	0.01287	0.530456
X87	TAGGCATG+GTAAGGAG	505	706	9469	6.2787	2.836759	87	7.1.27	45LHCHP	45	lower	HC	HP	-80	22	22	am	53		HP	Back	7.56	5.39	2.63	4.05	0.12	0.24	0	0.459607	0.01287	0.530456
X88	TAGGCATG+ACTGCATA	506	706	9358	6.1566	2.893019	88	7.2.17	46LHCGR	46	lower	HC	GR	-80	17	14	night	54	2.79	GR	Fringing	0.9	10.9	30.35	56.75	1.1	0	0	0.028083	0.017862	0.193254
X89	TAGGCATG+AAGGAGTA	507	706	7064	3.6332	4.902334	89	7.2.17	47LHCGR	47	lower	HC	GR	-80		20	night	55		GR	Fringing	0.9	10.9	30.35	56.75	1.1	0	0	0.028083	0.017862	0.193254
b	TAGGCATG+CTAAGCCT	508	706	4245	0.5323	33.46075	(-)																								
X112	CTCTCTAC+GCGTAAGA	517	707	7286	3.8774	4.593583	112	6.25.2017	23LHCH	23	lower	HC	Hilt	-80	20	16	noon	31		Hilt	Back	6.9	36.4	14.85	15.3	25.15	0	1.1	0.16016	0.324755	0.222883
X113	CTCTCTAC+CTCTCTAT	502	707	10215	7.0993	2.508861	113	6.25.2017	24LHCH	24	lower	HC	Hilt	-80	22.5	20	noon	32		Hilt	Back	6.9	36.4	14.85	15.3	25.15	0	1.1	0.16016	0.324755	0.222883
X114	CTCTCTAC+TATCCTCT	503	707	7641	4.2679	4.173284	114	6.25.2017	25LHCP	25	lower	HC	Ph	-80	16.5	10	pm			Ph	Fringing	4.2	33.75	24.35	35.45	2.25	0	0	0.055947	0.027996	0.133032
X115	CTCTCTAC+AGAGTAGA	504	707	6249	2.7367	6.508262	115	6.26.2017	26LHCP	26	lower	HC	Ph	-80	24.5	27	pm			Ph	Fringing	4.2	33.75	24.35	35.45	2.25	0	0	0.055947	0.027996	0.133032
X116	CTCTCTAC+GTAAGGAG	505	707	5902	2.355	7.563125	116	6.26.2017	27LHCP	27	lower	HC	Ph	-80	17	16	pm			Ph	Fringing	4.2	33.75	24.35	35.45	2.25	0	0	0.055947	0.027996	0.133032
X117	CTCTCTAC+ACTGCATA	506	707	9293	6.0851	2.927012	117	6.26.2017	28LHCP	28	lower	HC	Ph	-80	16	16	pm			Ph	Fringing	4.2	33.75	24.35	35.45	2.25	0	0	0.055947	0.027996	0.133032
X118	CTCTCTAC+AAGGAGTA	507	707	6500	3.0128	5.911829	118	6.27.2017	29LHCP	29	lower	HC	Ph	-80	21	15	am			Ph	Fringing	4.2	33.75	24.35	35.45	2.25	0	0	0.055947	0.027996	0.133032
X119	CTCTCTAC+CTAAGCCT	508	707	4976	1.3364	13.32772	119	6.28.2017	30LHCSS	30	lower	HC	SS	-80	22	19	am	38	3.33	SS	Fringing	4.45	36	32.4	21	6	0	0	0.063253	0.069546	0.112132
X120	CAGAGAGG+GCGTAAGA	517	708	7665	4.2943	4.147628	120	6.28.2017	32LHCTM	32	lower	HC	TM	-80	18	13	pm			TM	Back	6.65	29.65	10.15	46.3	7.25	0	0	0.145079	0.14086	0.222292
X121	CAGAGAGG+CTCTCTAT	502	708	10103	6.9761	2.553169	121	6.28.2017	33LHCTM	33	lower	HC	TM	-80	20	13	pm			TM	Back	6.65	29.65	10.15	46.3	7.25	0	0	0.145079	0.14086	0.222292
X122	CAGAGAGG+TATCCTCT	503	708	8287	4.9785	3.577616	122	6.29.2017	34LHCTM	34	lower	HC	TM	-80	23		am			TM	Back	6.65	29.65	10.15	46.3	7.25	0	0	0.145079	0.14086	0.222292
X123	CAGAGAGG+AGAGTAGA	504	708	8737	5.4735	3.254071	123	7.11.17	49LHCLS	49	lower	HC	LS	-80	24	21	am	57		LS	Back	13.2	18.8	14.35	39.95	6.7	7	0	0.322036	0.202238	0.438561
X124	CAGAGAGG+GTAAGGAG	505	708	8382	5.083	3.504064	124	7.11.17	50LHCLS	50	lower	HC	LS	-80	17		am	58		LS	Back	13.2	18.8	14.35	39.95	6.7	7	0	0.322036	0.202238	0.438561
X125	CAGAGAGG+ACTGCATA	506	708	8932	5.688	3.131357	125	7.12.17	51LHCLS	51	lower	HC	LS	-80	21	20	am	59		LS	Back	13.2	18.8	14.35	39.95	6.7	7	0	0.322036	0.202238	0.438561
X126	CAGAGAGG+AAGGAGTA	507	708	5694	2.1262	8.376992	126	7.12.17	52LHCLS	52	lower	HC	LS	-80	22	24	am	60		LS	Back	13.2	18.8	14.35	39.95	6.7	7	0	0.322036	0.202238	0.438561
X127	CAGAGAGG+CTAAGCCT	508	708	8998	5.7606	3.091893	127	7.12.17	53LHCLS	53	lower	HC	LS	-80	20	16	am	61		LS	Back	13.2	18.8	14.35	39.95	6.7	7	0	0.322036	0.202238	0.438561
X128	GCTACGCT+GCGTAAGA	517	709	6875	3.4253	5.199883	128	7.13.17	54LHCM	54	lower	HC	MRB	-80	19.5	18	am	62		MRB	Back	3.95	15.55	53.2	15.85	10.6	0	0.35	0.083016	0.151948	0.310159
X129	GCTACGCT+CTCTCTAT	502	709	8820	5.5648	3.200683	129	7.13.17	55LHCGR	55	lower	HC	GR	-80	25	30	pm	64	3.64	GR	Fringing	0.9	10.9	30.35	56.75	1.1	0	0	0.028083	0.017862	0.193254
X130	GCTACGCT+TATCCTCT	503	709	7479	4.0897	4.355126	130	7.13.17	56LHCGR	56	lower	HC	GR	-80	19.5	16	pm	63		GR	Fringing	0.9	10.9	30.35	56.75	1.1	0	0	0.028083	0.017862	0.193254
X131	GCTACGCT+AGAGTAGA	504	709	8906	5.6594	3.147182	131	7.16.17	57LHCRR	57	lower	HC	RR	-80	20	14	noon	65	3.55	RR	Fringing	3.1	25.6	31	26	14.3	0	0	0.058317	0.161918	0.232152
X132	CGGAGCCT+GAGCCTTA	505	709	9391	6.1929	2.876061	132	7.18.17	58LHCRR	58	lower	HC	RR	-80	18	16.5	am	66		RR	Fringing	3.1	25.6	31	26	14.3	0	0	0.058317	0.161918	0.232152
X133	CGGAGCCT+TTATGCGA	506	709	11586	8.6074	2.069285	133	7.18.17	59LHCRR	59	lower	HC	RR	-80	15.5	12	pm			RR	Fringing	3.1	25.6	31	26	14.3	0	0	0.058317	0.161918	0.232152
X134	GCTACGCT+AAGGAGTA	507	709	9737	6.5735	2.70954	134	7.23.17	60LHCRR	60	lower	HC	RR	-80	23.5	16	pm	67		RR	Fringing	3.1	25.6	31	26	14.3	0	0	0.058317	0.161918	0.232152
c	GCTACGCT+CTAAGCCT	508	709	4267	0.5565	32.00568	(-)																								
X135	CGAGGCTG+GCGTAAGA	517	710	8168	4.9002	3.634782	135	6.29.2017	35LHCTM	35	lower	HC	TM	-80	18		am			TM	Back	6.65	29.65	10.15	46.3	7.25	0	0	0.145079	0.14086	0.222292
X136	CGAGGCTG+CTCTCTAT	502	710	7595	4.2699	4.171329	136	6.29.2017	36LHCTM	36	lower	HC	TM	-80	22		am	41	3.45	TM	Back	6.65	29.65	10.15	46.3	7.25	0	0	0.145079	0.14086	0.222292
X137	CGAGGCTG+TATCCTCT	503	710	9982	6.8956	2.582975	137	6.29.2017	31LHCSS	31	lower	HC	SS	-80	17		am	39		SS	Fringing	4.45	36	32.4	21	6	0	0	0.063253	0.069546	0.112132
X138	CGAGGCTG+AGAGTAGA	504	710	10106	7.032	2.532873	138		2DS	2		DS	No nutrients	-80							Fringing										
X139	CGAGGCTG+GTAAGGAG	505	710	12439	9.5983	1.855658	139		1DS	1		DS	No nutrients	-80							Fringing										
X140	CGAGGCTG+ACTGCATA	506	710	11690	8.7744	2.029901	140		3DS	3		DS	No nutrients	-80							Fringing										
X141	CGAGGCTG+AAGGAGTA	507	710	10945	7.9549	2.239017	141		4DS	4		DS	No nutrients	-80							Fringing										
X142	CGAGGCTG+CTAAGCCT	508	710	7533	4.2017	4.239037	142		5DS	5		DS	No nutrients	-80							Fringing										
X143	AAGAGGCA+GCGTAAGA	517	711	5909	2.4153	7.374305	143	7.23.17	19PGRR	19	lower	PG	RR	-80	23	16	pm	14		RR	Fringing	3.1	25.6	31	26	14.3	0	0	0.058317	0.161918	0.232152
X144	AAGAGGCA+CTCTCTAT	502	711	6354	2.9048	6.13163	144	7.7.17	11PGCB	11	lower	PG	CB	-80	23	15	pm	5		CB	Fringing	0.5	31.4	26.25	26.2	15.65	0	0	0.006111	0.182811	0.036189
X145	AAGAGGCA+TATCCTCT	503	711	9509	6.3753	2.793776	145	7.11.17	12PGLS	12	lower	PG	LS	-80	19	15	am	6		LS	Back	13.2	18.8	14.35	39.95	6.7	7	0	0.322036	0.202238	0.438561
X146	AAGAGGCA+AGAGTAGA	504	711	6900	3.5054	5.081063	146	7.11.17	13PGLS	13	lower	PG	LS	-80	18	15	am	7		LS	Back	13.2	18.8	14.35	39.95	6.7	7	0	0.322036	0.202238	0.438561
X147	AAGAGGCA+GTAAGGAG	505	711	8711	5.4975	3.239865	147	7.11.17	14PGLS	14	lower	PG	LS	-80	21	19	am	8		LS	Back	13.2	18.8	14.35	39.95	6.7	7	0	0.322036	0.202238	0.438561
X148	AAGAGGCA+ACTGCATA	506	711	11128	8.1562	2.183757	148		6DS	6		DS	Nutrients	-80							Fringing										
X149	AAGAGGCA+AAGGAGTA	507	711	9223	6.0607	2.938796	149		7DS	7		DS	Nutrients	-80							Fringing										
X150	AAGAGGCA+CTAAGCCT	508	711	8986	5.8	3.07089	150		8DS	8		DS	Nutrients	-80							Fringing										
X151	GTAGAGGA+GCGTAAGA	517	712	11028	8.0462	2.213611	151		9DS	9		DS	Nutrients	-80							Fringing										
X152	GTAGAGGA+CTCTCTAT	502	712	9488	6.3522	2.803936	152		10DS	10		DS	Nutrients	-80							Fringing										
X153	GTAGAGGA+TATCCTCT	503	712	4981	1.3945	12.77243	153	6.20.2017	6LPGGR	6	lower	PG	GR'	-80	26.5	20	am	30		GR'	Fringing	1.5	15.85	34.4	43.2	4.05	0	0.05	0.051606	0.092924	0.175841
X154	GTAGAGGA+AGAGTAGA	504	712	5927	2.4351	7.314344	154	7.16.17	16PGRR	16	lower	PG	RR	-80	15.5	11	noon			RR	Fringing	3.1	25.6	31	26	14.3	0	0	0.058317	0.161918	0.232152
X155	GTAGAGGA+GTAAGGAG	505	712	6228	2.7662	6.438855	155	7.16.17	15PGGR	15	lower	PG	GR	-80	25	20	pm	11		GR	Fringing	0.9	10.9	30.35	56.75	1.1	0	0	0.028083	0.017862	0.193254
X156	GTAGAGGA+ACTGCATA	506	712	5980	2.4934	7.143322	156	7.16.17	17PGRR	17	lower	PG	RR	-80	16.5	11	noon			RR	Fringing	3.1	25.6	31	26	14.3	0	0	0.058317	0.161918	0.232152
X157	GTAGAGGA+AAGGAGTA	507	712	9116	5.943	2.996998	157	7.16.27	18PGRR	18	lower	PG	RR	-80	14	7	noon			RR	Fringing	3.1	25.6	31	26	14.3	0	0	0.058317	0.161918	0.232152
d	GTAGAGGA+CTAAGCCT	508	712	4964	1.3758	12.94604	(-)																								
X158	GCTCATGA+GCGTAAGA	517	714	8108	4.8342	3.684407	158	7.5.17	8PGFR1	8	lower	PG	FR1	-80	30	25	am	2		FR1	Fore										
X159	GCTCATGA+CTCTCTAT	502	714	8940	5.7494	3.097916	159	7.5.17	9PGFR1	9	lower	PG	FR1	-80	25	21	am	3		FR1	Fore										
X160	GCTCATGA+TATCCTCT	503	714	9334	6.1828	2.880759	160	7.5.17	10PGFR1	10	lower	PG	FR1	-80	26	21.5	am	4		FR1	Fore										
X161	GCTCATGA+AGAGTAGA	504	714	7703	4.3887	4.058414	161	7.25.17	21PGFR1	21	lower	PG	FR1	-80	28	29	pm	15		FR1	Fore										
X162	GCTCATGA+GTAAGGAG	505	714	8310	5.0564	3.522498	162	7.25.17	22PGRR	22	lower	PG	FR1	-80	31	29	pm	16		FR1	Fore										
X163	GCTCATGA+ACTGCATA	506	714	7893	4.5977	3.873928	163	6.19.2017	5LPGO	5	lower	PG	Opu	-80	13.5		am	22		Opu	Back	2.9	2.7	12.95	66.85	14.5	0	0	0.102951	0.40571	0.564484
X164	GCTCATGA+AAGGAGTA	507	714	4936	1.345	13.2425	164	6.30.17	37LHCSS	37	lower	HC	SS	-80	20	19	pm	45		SS	Fringing	4.45	36	32.4	21	6	0	0	0.063253	0.069546	0.112132
X165	GCTCATGA+CTAAGCCT	508	714	6540	3.1094	5.728166	165	6.30.17	38LHCSS	38	lower	HC	SS	-80	22	15	pm	46		SS	Fringing	4.45	36	32.4	21	6	0	0	0.063253	0.069546	0.112132
X166	ATCTCAGG+GCGTAAGA	517	715	11339	8.3883	2.123334	166	7.3.17	42FBSCB	42	fecal	BS	CB	-80	16		pm			CB	Fringing	0.5	31.4	26.25	26.2	15.65	0	0	0.006111	0.182811	0.036189
X167	ATCTCAGG+CTCTCTAT	502	715	10218	7.1552	2.489261	167	7.3.17	43FBSCB	43	fecal	BS	CB	-80	12		pm			CB	Fringing	0.5	31.4	26.25	26.2	15.65	0	0	0.006111	0.182811	0.036189
X168	ATCTCAGG+TATCCTCT	503	715	11211	8.2475	2.159583	168	7.5.17	44FBSFR1	44	fecal	BS	FR1	-80	21		am			FR1	Fore										
X169	ATCTCAGG+AGAGTAGA	504	715	9972	6.8846	2.587102	169	7.6.17	45FBSRT	45	fecal	BS	RT	-80	22.5		am			RT	Back										
X170	ATCTCAGG+GTAAGGAG	505	715	10402	7.3576	2.420784	170	7.6.17	46FBSRT	46	fecal	BS	RT	-80	21.5		am			RT	Back										
X171	ATCTCAGG+ACTGCATA	506	715	10517	7.4841	2.379867	171	7.6.17	47FBSRT	47	fecal	BS	RT	-80	21		am			RT	Back										
X172	ATCTCAGG+AAGGAGTA	507	715	8949	5.7593	3.092591	172	7.6.17	48FBSRT	48	fecal	BS	RT	-80	22		am			RT	Back										
X173	ATCTCAGG+CTAAGCCT	508	715	8502	5.2676	3.381267	173	7.6.17	49FBSRT	49	fecal	BS	RT	-80	19		am			RT	Back										
X90	ACTCGCTA+TCGACTAG	513	716	9017	5.8341	3.05294	90	7.3.17	48LHCCB	48	lower	HC	CB	-80	20	18	pm	56		CB	Fringing	0.5	31.4	26.25	26.2	15.65	0	0	0.006111	0.182811	0.036189
X91	ACTCGCTA+TTCTAGCT	515	716	13021	10.2385	1.739626	91	6.16.2017	25FBSGR	25	fecal	BS	GR'	-80	17.5		am			GR'	Fringing	1.5	15.85	34.4	43.2	4.05	0	0.05	0.051606	0.092924	0.175841
X92	ACTCGCTA+CCTAGAGT	516	716	12536	9.705	1.835256	92	6.19.2017	26FBSO	26	fecal	BS	Opu	-80	13		am			Opu	Back	2.9	2.7	12.95	66.85	14.5	0	0	0.102951	0.40571	0.564484
X93	ACTCGCTA+GCGTAAGA	517	716	12817	10.0141	1.778608	93	6.20.2017	27FBSGR	27	fecal	BS	GR'	-80	18		am			GR'	Fringing	1.5	15.85	34.4	43.2	4.05	0	0.05	0.051606	0.092924	0.175841
X94	ACTCGCTA+CTATTAAG	518	716	11871	8.9735	1.984862	94	6.20.2017	28FBSGR	28	fecal	BS	GR'	-80	18		am			GR'	Fringing	1.5	15.85	34.4	43.2	4.05	0	0.05	0.051606	0.092924	0.175841
X95	ACTCGCTA+AAGGCTAT	520	716	14872	12.2746	1.451058	95	6.21.2017	29FBSCB	29	fecal	BS	CB	-80	16		am			CB	Fringing	0.5	31.4	26.25	26.2	15.65	0	0	0.006111	0.182811	0.036189
X96	ACTCGCTA+GAGCCTTA	521	716	9007	5.8231	3.058708	96	6.21.2017	30FBSCB	30	fecal	BS	CB	-80	14		am			CB	Fringing	0.5	31.4	26.25	26.2	15.65	0	0	0.006111	0.182811	0.036189
X97	ACTCGCTA+TTATGCGA	522	716	5633	2.1117	8.434512	97	6.25.2017	31FBSP	31	fecal	BS	Ph	-80	17		am			Ph	Fringing	4.2	33.75	24.35	35.45	2.25	0	0	0.055947	0.027996	0.133032
X98	GGAGCTAC+TCGACTAG	513	718	16314	13.8608	1.285002	98	6.25.2017	32FBSP	32	fecal	BS	Ph	-80	17		am			Ph	Fringing	4.2	33.75	24.35	35.45	2.25	0	0	0.055947	0.027996	0.133032
X99	GGAGCTAC+TTCTAGCT	515	718	10347	7.2971	2.440855	99	6.25.2017	33FBSP	33	fecal	BS	Ph	-80	15.5		am			Ph	Fringing	4.2	33.75	24.35	35.45	2.25	0	0	0.055947	0.027996	0.133032
X100	GGAGCTAC+CCTAGAGT	516	718	12719	9.9063	1.797963	100	6.25.2017	34FBSP	34	fecal	BS	Ph	-80	14.5		am			Ph	Fringing	4.2	33.75	24.35	35.45	2.25	0	0	0.055947	0.027996	0.133032
X101	GGAGCTAC+GCGTAAGA	517	718	9637	6.5161	2.733408	101	6.25.2017	35FBSP	35	fecal	BS	Ph	-80	17		am			Ph	Fringing	4.2	33.75	24.35	35.45	2.25	0	0	0.055947	0.027996	0.133032
X102	GGAGCTAC+CTATTAAG	518	718	10462	7.4236	2.399262	102	6.28.2017	36FBSSS	36	fecal	BS	SS	-80	14.5		am			SS	Fringing	4.45	36	32.4	21	6	0	0	0.063253	0.069546	0.112132
X28	GGAGCTAC+AAGGCTAT	520	718	11777	8.8701	2.008	28	6.15.2017	8LHCO	8	lower	HC	Opu	-80	17	17	am	16		Opu	Back	2.9	2.7	12.95	66.85	14.5	0	0	0.102951	0.40571	0.564484
X111	GGAGCTAC+GAGCCTTA	521	718	9054	5.8748	3.03179	111	6.24.2017	21LHCM	21	lower	HC	MRB	-80	15	10	am			MRB	Back	3.95	15.55	53.2	15.85	10.6	0	0.35	0.083016	0.151948	0.310159
e	GGAGCTAC+TTATGCGA	522	718	4553	0.9237	19.28241	(-)																								
X174	GCGTAGTA+TCGACTAG	513	719	10080	7.0034	2.543216	174	7.7.17	50FBSCB	50	fecal	BS	CB	-80	16.5		pm			CB	Fringing	0.5	31.4	26.25	26.2	15.65	0	0	0.006111	0.182811	0.036189
X175	GCGTAGTA+TTCTAGCT	515	719	11354	8.4048	2.119165	175	6.5.2017	4FBSM	4	fecal	BS	MRB	-80	20		am			MRB	Back	3.95	15.55	53.2	15.85	10.6	0	0.35	0.083016	0.151948	0.310159
X176	GCGTAGTA+CCTAGAGT	516	719	10555	7.5259	2.366648	176	6.6.2017	8FBSM	8	fecal	BS	MRB	-80			am			MRB	Back	3.95	15.55	53.2	15.85	10.6	0	0.35	0.083016	0.151948	0.310159
X177	GCGTAGTA+GCGTAAGA	517	719	10501	7.4665	2.385476	177	6.11.2017	21FBSGR	21	fecal	BS	GR*	-80	14		am			GR*	Fringing	1.5	15.85	34.4	43.2	4.05	0	0.05	0.051606	0.092924	0.175841
X178	GCGTAGTA+CTATTAAG	518	719	9216	6.053	2.942534	178	6.29.2017	37UBSTM	37	upper	BS	TM	-80	17.5		am			TM	Back	6.65	29.65	10.15	46.3	7.25	0	0	0.145079	0.14086	0.222292
X179	GCGTAGTA+AAGGCTAT	520	719	7361	4.0125	4.438918	179	6.29.2017	39UBSTM	39	upper	BS	TM	-80	18		am			TM	Back	6.65	29.65	10.15	46.3	7.25	0	0	0.145079	0.14086	0.222292
X180	GCGTAGTA+GAGCCTTA	521	719	6037	2.5561	6.9681	180	6.29.2017	40UBSTM	40	upper	BS	TM	-80	16.5		am			TM	Back	6.65	29.65	10.15	46.3	7.25	0	0	0.145079	0.14086	0.222292
f	GCGTAGTA+TTATGCGA	522	719	4444	0.8038	22.1587	(-)																								
X181	CGGAGCCT+TCGACTAG	513	720	6848	3.4482	5.16535	181	6.29.2017	41UBSTM	41	upper	BS	TM	-80			am			TM	Back	6.65	29.65	10.15	46.3	7.25	0	0	0.145079	0.14086	0.222292
X182	CGGAGCCT+TTCTAGCT	515	720	11723	8.8107	2.021537	182	7.18.17	51FBSRR	51	lower	BS	RR	-80	15		am			RR	Fringing	3.1	25.6	31	26	14.3	0	0	0.058317	0.161918	0.232152
X183	CGGAGCCT+CCTAGAGT	516	720	12738	9.9272	1.794178	183	7.18.17	52FBSRR	52	lower	BS	RR	-80	16.5		am			RR	Fringing	3.1	25.6	31	26	14.3	0	0	0.058317	0.161918	0.232152
X184	CGGAGCCT+GCGTAAGA	517	720	11587	8.6611	2.056455	184	7.18.17	53FBSRR	53	lower	BS	RR	-80	17.5		am			RR	Fringing	3.1	25.6	31	26	14.3	0	0	0.058317	0.161918	0.232152
X185	CGGAGCCT+CTATTAAG	518	720	11488	8.5522	2.082641	185	7.18.17	54FBSRR	54	lower	BS	RR	-80	15.5		am			RR	Fringing	3.1	25.6	31	26	14.3	0	0	0.058317	0.161918	0.232152
X186	CGGAGCCT+AAGGCTAT	520	720	12657	9.8381	1.810427	186	7.18.17	55FBSRR	55	lower	BS	RR	-80	18		am			RR	Fringing	3.1	25.6	31	26	14.3	0	0	0.058317	0.161918	0.232152
X132b	GCTACGCT+GTAAGGAG	521	720	9824	6.7218	2.64976	132b	7.18.17	58LHCRR	58	lower	HC	RR	-80	18	16.5	am	66		RR	Fringing	3.1	25.6	31	26	14.3	0	0	0.058317	0.161918	0.232152
X133b	GCTACGCT+ACTGCATA	522	720	8308	5.0542	3.524031	133b	7.18.17	59LHCRR	59	lower	HC	RR	-80	15.5	12	pm			RR	Fringing	3.1	25.6	31	26	14.3	0	0	0.058317	0.161918	0.232152
